製品	レビュアー	評価
yq310	655	4
py-110	115	5
PY-220	26	2
PY220	760	3
YQ330	282	2
yq-330	251	3
yq330	229	5
py-220	143	1
py-110	755	5
PY330	105	3
py-330	693	5
py-310	759	4
yq110	914	5
yq-110	559	4
YQ330	90	2
PY110	605	4
YQ-220	433	1
PY310	33	1
PY310	31	2
py-330	96	4
PY330	224	4
PY-220	239	4
YQ220	518	5
YQ220	617	3
yq-110	28	4
PY-220	575	1
PY220	204	2
YQ110	734	2
PY220	666	5
PY310	719	4
yq-110	985	4
PY110	430	5
PY220	226	5
PY-220	460	5
PY-310	604	3
YQ-220	285	3
YQ110	829	4
PY110	891	2
YQ110	7	1
PY310	778	5
YQ330	826	4
py-110	164	2
py310	715	4
PY310	982	4
yq220	349	5
PY110	963	5
PY330	160	5
YQ-310	221	5
py-330	782	5
PY310	345	5
YQ220	989	5
py330	95	3
PY220	390	4
yq330	100	3
yq330	368	4
PY-330	868	3
yq310	353	3
YQ110	619	4
YQ220	271	5
yq-110	827	3
YQ-110	45	1
YQ220	748	5
PY220	471	4
YQ110	550	1
PY330	128	4
YQ-220	388	5
PY220	81	5
YQ110	566	5
YQ110	301	4
yq-310	850	5
yq110	644	4
YQ110	634	3
YQ220	907	4
py330	883	4
PY310	371	5
yq-220	592	2
PY330	197	5
PY330	722	2
yq330	72	4
YQ-330	47	4
PY330	678	5
YQ-310	234	3
py110	792	5
PY220	297	5
YQ330	82	1
py220	876	4
yq220	977	5
YQ310	888	5
PY310	104	5
yq110	946	5
YQ110	953	5
PY330	465	3
YQ110	651	3
PY220	855	2
PY310	374	5
YQ310	167	3
PY110	380	3
py110	364	5
yq-310	215	4
yq110	687	5
YQ-310	274	4
PY330	969	4
YQ330	700	1
yq310	664	5
PY310	74	5
YQ-310	624	4
PY220	906	5
YQ330	176	3
YQ220	547	3
yq-310	747	3
YQ310	993	3
PY110	168	5
YQ220	474	3
py-110	389	5
PY-330	277	5
PY-330	656	2
PY330	705	4
YQ-220	571	3
PY220	225	5
YQ110	702	2
yq-110	333	4
YQ-310	864	4
py220	787	4
py330	795	2
PY220	58	5
PY110	235	4
YQ-220	842	2
py110	981	5
PY220	825	4
YQ330	324	5
yq-110	411	4
yq330	275	4
YQ110	68	3
PY220	217	3
YQ-330	581	4
yq220	736	1
PY310	323	4
yq110	218	4
YQ110	672	4
PY-330	512	2
YQ330	406	4
YQ330	659	5
PY110	470	2
PY-330	147	3
YQ330	272	4
YQ220	991	4
YQ110	253	3
PY-330	763	3
PY-310	973	3
yq-110	552	5
yq110	270	5
YQ110	765	3
PY110	599	5
PY110	439	5
py310	598	5
PY220	409	5
YQ330	924	4
py110	880	3
PY220	142	5
PY-220	522	4
PY310	506	2
YQ110	94	2
yq310	774	4
PY330	49	5
YQ-330	113	3
YQ-310	157	3
PY220	643	5
PY330	957	3
PY330	812	3
PY-110	697	4
YQ330	955	3
YQ110	611	5
py330	66	5
PY330	395	4
py310	391	5
py220	939	1
YQ110	480	4
yq-110	542	5
YQ-330	258	4
YQ-310	567	5
py-110	12	2
PY-110	962	5
yq110	739	4
PY-310	118	4
YQ-110	699	3
YQ330	935	5
YQ-310	769	3
PY-310	898	3
YQ110	788	5
PY110	657	4
yq220	954	2
PY110	997	5
YQ310	930	1
yq330	446	5
PY330	162	3
YQ-110	926	4
PY-220	4	1
PY330	740	5
PY110	737	4
PY220	848	4
PY-310	513	4
YQ110	781	4
YQ330	183	3
YQ-310	520	3
PY310	109	5
yq310	641	3
YQ110	306	5
YQ110	998	5
YQ330	875	5
YQ330	893	4
YQ310	972	4
PY330	833	5
yq310	383	3
PY110	797	3
YQ-310	166	4
PY310	553	4
yq220	544	5
yq-330	1	2
PY110	614	5
py310	332	2
YQ-110	501	3
py220	20	5
YQ-310	807	5
YQ330	372	5
PY-220	315	3
YQ-110	246	5
yq310	60	5
PY-220	247	4
py110	877	1
YQ110	932	4
PY330	88	4
PY310	750	3
YQ310	498	4
PY-310	71	3
YQ330	546	3
YQ-330	129	5
py-310	132	2
YQ110	676	5
YQ110	487	4
YQ310	563	5
YQ310	170	4
yq110	854	1
YQ310	541	3
PY-110	622	5
YQ110	434	5
YQ220	865	3
YQ-110	783	5
py-310	937	5
PY110	707	3
YQ220	206	5
YQ110	731	3
PY330	320	2
yq-220	843	4
py310	688	3
YQ330	970	5
YQ220	786	5
py-220	449	2
yq310	530	5
YQ220	463	2
YQ110	124	4
yq110	254	4
YQ220	231	2
py-110	958	4
YQ220	347	5
PY220	22	5
YQ110	603	5
PY110	568	5
YQ330	236	2
PY310	733	4
YQ-310	966	4
yq310	8	5
YQ310	73	5
YQ220	725	3
PY330	647	5
yq-220	61	4
YQ220	873	2
py220	70	5
PY-220	871	5
PY110	339	1
PY310	727	5
py330	527	4
PY330	244	3
py-110	286	3
py310	686	4
PY220	766	5
py110	220	4
YQ220	752	1
PY310	136	5
py220	585	4
PY220	591	4
py-110	485	5
yq-110	249	4
py110	708	5
YQ310	417	5
YQ330	195	2
PY310	97	2
YQ-220	945	4
YQ-110	675	4
PY220	442	5
py330	363	4
