製品	レビュアー	評価	シリーズ名	バージョン番号
PY110	1	4	PY	110
PY110	2	4	PY	110
PY110	3	4	PY	110
PY110	4	4	PY	110
PY110	5	4	PY	110
PY110	6	4	PY	110
PY110	7	4	PY	110
PY110	8	4	PY	110
PY110	9	4	PY	110
PY110	10	4	PY	110
PY110	11	4	PY	110
PY110	12	4	PY	110
PY110	13	4	PY	110
PY110	14	4	PY	110
PY110	15	4	PY	110
PY110	16	4	PY	110
PY110	17	4	PY	110
PY110	18	4	PY	110
PY110	19	4	PY	110
PY110	20	4	PY	110
PY110	21	4	PY	110
PY110	22	4	PY	110
PY110	23	4	PY	110
PY110	24	4	PY	110
PY110	25	4	PY	110
PY110	26	4	PY	110
PY110	27	4	PY	110
PY110	28	4	PY	110
PY110	29	4	PY	110
PY110	30	4	PY	110
PY110	31	4	PY	110
PY110	32	4	PY	110
PY110	33	4	PY	110
PY110	34	4	PY	110
PY110	35	4	PY	110
PY110	36	4	PY	110
PY110	37	4	PY	110
PY110	38	4	PY	110
PY110	39	4	PY	110
PY110	40	4	PY	110
PY110	41	4	PY	110
PY110	42	4	PY	110
PY110	43	4	PY	110
PY110	44	4	PY	110
PY110	45	4	PY	110
PY110	46	4	PY	110
PY110	47	4	PY	110
PY110	48	4	PY	110
PY110	49	4	PY	110
PY110	50	4	PY	110
PY110	51	4	PY	110
PY110	52	4	PY	110
PY110	53	4	PY	110
PY110	54	4	PY	110
PY110	55	4	PY	110
PY110	56	4	PY	110
PY110	57	4	PY	110
PY110	58	4	PY	110
PY110	59	4	PY	110
PY110	60	4	PY	110
PY110	61	4	PY	110
PY110	62	4	PY	110
PY110	63	4	PY	110
PY110	64	4	PY	110
PY110	65	4	PY	110
PY110	66	4	PY	110
PY110	67	4	PY	110
PY110	68	4	PY	110
PY110	69	4	PY	110
PY110	70	4	PY	110
PY110	71	4	PY	110
PY110	72	4	PY	110
PY110	73	4	PY	110
PY110	74	4	PY	110
PY110	75	4	PY	110
PY110	76	4	PY	110
PY110	77	4	PY	110
PY110	78	4	PY	110
PY110	79	4	PY	110
PY110	80	4	PY	110
PY110	81	4	PY	110
PY110	82	4	PY	110
PY110	83	4	PY	110
PY110	84	4	PY	110
PY110	85	4	PY	110
PY110	86	4	PY	110
PY110	87	4	PY	110
PY110	88	5	PY	110
PY110	89	5	PY	110
PY110	90	5	PY	110
PY110	91	5	PY	110
PY110	92	5	PY	110
PY110	93	5	PY	110
PY110	94	5	PY	110
PY110	95	5	PY	110
PY110	96	5	PY	110
PY110	97	5	PY	110
PY110	98	5	PY	110
PY220	99	3	PY	220
PY220	100	3	PY	220
PY220	101	3	PY	220
PY220	102	3	PY	220
PY220	103	3	PY	220
PY220	104	3	PY	220
PY220	105	3	PY	220
PY220	106	3	PY	220
PY220	107	3	PY	220
PY220	108	3	PY	220
PY220	109	3	PY	220
PY220	110	3	PY	220
PY220	111	3	PY	220
PY220	112	3	PY	220
PY220	113	3	PY	220
PY220	114	3	PY	220
PY220	115	3	PY	220
PY220	116	3	PY	220
PY220	117	3	PY	220
PY220	118	3	PY	220
PY220	119	3	PY	220
PY220	120	3	PY	220
PY220	121	3	PY	220
PY220	122	3	PY	220
PY220	123	3	PY	220
PY220	124	3	PY	220
PY220	125	3	PY	220
PY220	126	3	PY	220
PY220	127	3	PY	220
PY220	128	3	PY	220
PY220	129	3	PY	220
PY220	130	3	PY	220
PY220	131	3	PY	220
PY220	132	3	PY	220
PY220	133	3	PY	220
PY220	134	3	PY	220
PY220	135	3	PY	220
PY220	136	3	PY	220
PY220	137	3	PY	220
PY220	138	3	PY	220
PY220	139	3	PY	220
PY220	140	3	PY	220
PY220	141	3	PY	220
PY220	142	3	PY	220
PY220	143	3	PY	220
PY220	144	3	PY	220
PY220	145	3	PY	220
PY220	146	4	PY	220
PY220	147	4	PY	220
PY220	148	4	PY	220
PY220	149	4	PY	220
PY220	150	4	PY	220
PY220	151	4	PY	220
PY220	152	4	PY	220
PY220	153	4	PY	220
PY220	154	4	PY	220
PY220	155	4	PY	220
PY220	156	4	PY	220
PY220	157	4	PY	220
PY220	158	4	PY	220
PY220	159	4	PY	220
PY220	160	4	PY	220
PY220	161	4	PY	220
PY220	162	4	PY	220
PY220	163	4	PY	220
PY220	164	4	PY	220
PY220	165	4	PY	220
PY220	166	4	PY	220
PY220	167	4	PY	220
PY220	168	4	PY	220
PY220	169	4	PY	220
PY220	170	4	PY	220
PY220	171	4	PY	220
PY220	172	4	PY	220
PY220	173	4	PY	220
PY220	174	4	PY	220
PY220	175	4	PY	220
PY220	176	4	PY	220
PY220	177	4	PY	220
PY220	178	4	PY	220
PY220	179	4	PY	220
PY220	180	4	PY	220
PY220	181	4	PY	220
PY220	182	4	PY	220
PY220	183	4	PY	220
PY220	184	4	PY	220
PY220	185	4	PY	220
PY220	186	4	PY	220
PY220	187	4	PY	220
PY220	188	4	PY	220
PY220	189	4	PY	220
PY220	190	4	PY	220
PY220	191	4	PY	220
PY220	192	4	PY	220
PY220	193	4	PY	220
PY220	194	4	PY	220
PY220	195	4	PY	220
PY220	196	4	PY	220
PY220	197	4	PY	220
PY220	198	4	PY	220
PY220	199	4	PY	220
PY220	200	4	PY	220
PY220	201	4	PY	220
PY220	202	4	PY	220
PY220	203	4	PY	220
PY220	204	4	PY	220
PY220	205	4	PY	220
PY220	206	4	PY	220
PY220	207	4	PY	220
PY220	208	4	PY	220
PY220	209	4	PY	220
PY220	210	4	PY	220
PY220	211	4	PY	220
PY220	212	4	PY	220
PY220	213	4	PY	220
PY220	214	4	PY	220
PY220	215	4	PY	220
PY310	216	3	PY	310
PY310	217	3	PY	310
PY310	218	3	PY	310
PY310	219	3	PY	310
PY310	220	3	PY	310
PY310	221	3	PY	310
PY310	222	3	PY	310
PY310	223	3	PY	310
PY310	224	3	PY	310
PY310	225	3	PY	310
PY310	226	3	PY	310
PY310	227	3	PY	310
PY310	228	3	PY	310
PY310	229	3	PY	310
PY310	230	3	PY	310
PY310	231	3	PY	310
PY310	232	3	PY	310
PY310	233	3	PY	310
PY310	234	3	PY	310
PY310	235	3	PY	310
PY310	236	3	PY	310
PY310	237	3	PY	310
PY310	238	3	PY	310
PY310	239	3	PY	310
PY310	240	3	PY	310
PY310	241	3	PY	310
PY310	242	3	PY	310
PY310	243	3	PY	310
PY310	244	3	PY	310
PY310	245	3	PY	310
PY310	246	3	PY	310
PY310	247	3	PY	310
PY310	248	3	PY	310
PY310	249	3	PY	310
PY310	250	3	PY	310
PY310	251	3	PY	310
PY310	252	3	PY	310
PY310	253	3	PY	310
PY310	254	3	PY	310
PY310	255	3	PY	310
PY310	256	3	PY	310
PY310	257	4	PY	310
PY310	258	4	PY	310
PY310	259	4	PY	310
PY310	260	4	PY	310
PY310	261	4	PY	310
PY310	262	4	PY	310
PY310	263	4	PY	310
PY310	264	4	PY	310
PY310	265	4	PY	310
PY310	266	4	PY	310
PY310	267	4	PY	310
PY310	268	4	PY	310
PY310	269	4	PY	310
PY310	270	4	PY	310
PY310	271	4	PY	310
PY310	272	4	PY	310
PY310	273	4	PY	310
PY310	274	4	PY	310
PY310	275	4	PY	310
PY310	276	4	PY	310
PY310	277	4	PY	310
PY310	278	4	PY	310
PY310	279	4	PY	310
PY310	280	4	PY	310
PY310	281	4	PY	310
PY310	282	4	PY	310
PY310	283	4	PY	310
PY310	284	4	PY	310
PY310	285	4	PY	310
PY310	286	4	PY	310
PY310	287	4	PY	310
PY310	288	4	PY	310
PY310	289	4	PY	310
PY310	290	4	PY	310
PY310	291	4	PY	310
PY310	292	4	PY	310
PY310	293	4	PY	310
PY310	294	4	PY	310
PY310	295	4	PY	310
PY310	296	4	PY	310
PY310	297	4	PY	310
PY310	298	4	PY	310
PY310	299	4	PY	310
PY310	300	4	PY	310
PY310	301	4	PY	310
PY310	302	4	PY	310
PY310	303	4	PY	310
PY310	304	4	PY	310
PY310	305	4	PY	310
PY310	306	4	PY	310
PY310	307	4	PY	310
PY310	308	4	PY	310
PY310	309	4	PY	310
PY310	310	4	PY	310
PY310	311	4	PY	310
PY310	312	4	PY	310
PY310	313	4	PY	310
PY310	314	4	PY	310
PY310	315	4	PY	310
PY310	316	4	PY	310
PY310	317	4	PY	310
PY310	318	4	PY	310
PY310	319	4	PY	310
PY310	320	4	PY	310
PY310	321	4	PY	310
PY310	322	4	PY	310
PY310	323	4	PY	310
PY310	324	4	PY	310
PY310	325	4	PY	310
PY310	326	4	PY	310
PY310	327	4	PY	310
PY310	328	4	PY	310
PY310	329	4	PY	310
PY310	330	4	PY	310
PY310	331	4	PY	310
PY310	332	4	PY	310
PY310	333	4	PY	310
PY310	334	4	PY	310
PY310	335	4	PY	310
PY310	336	4	PY	310
PY310	337	4	PY	310
PY310	338	4	PY	310
PY310	339	4	PY	310
PY310	340	4	PY	310
PY310	341	4	PY	310
PY310	342	4	PY	310
PY310	343	4	PY	310
PY310	344	4	PY	310
PY310	345	4	PY	310
PY310	346	4	PY	310
PY310	347	4	PY	310
PY310	348	4	PY	310
PY310	349	4	PY	310
PY310	350	4	PY	310
PY310	351	4	PY	310
PY310	352	4	PY	310
PY310	353	4	PY	310
PY310	354	4	PY	310
PY310	355	4	PY	310
PY310	356	4	PY	310
PY310	357	4	PY	310
PY310	358	4	PY	310
PY310	359	4	PY	310
PY310	360	4	PY	310
PY310	361	4	PY	310
PY310	362	4	PY	310
PY310	363	4	PY	310
PY310	364	4	PY	310
PY310	365	4	PY	310
PY310	366	4	PY	310
PY310	367	4	PY	310
PY310	368	4	PY	310
PY310	369	4	PY	310
PY310	370	4	PY	310
PY310	371	4	PY	310
PY310	372	4	PY	310
PY310	373	4	PY	310
PY310	374	4	PY	310
PY310	375	4	PY	310
PY310	376	4	PY	310
PY310	377	4	PY	310
PY310	378	4	PY	310
PY310	379	4	PY	310
PY310	380	4	PY	310
PY310	381	4	PY	310
PY310	382	4	PY	310
PY310	383	4	PY	310
PY310	384	4	PY	310
PY310	385	4	PY	310
PY310	386	4	PY	310
PY310	387	4	PY	310
PY310	388	4	PY	310
PY310	389	4	PY	310
PY310	390	4	PY	310
PY310	391	4	PY	310
PY330	392	3	PY	330
PY330	393	3	PY	330
PY330	394	3	PY	330
PY330	395	3	PY	330
PY330	396	3	PY	330
PY330	397	3	PY	330
PY330	398	3	PY	330
PY330	399	3	PY	330
PY330	400	3	PY	330
PY330	401	3	PY	330
PY330	402	3	PY	330
PY330	403	3	PY	330
PY330	404	3	PY	330
PY330	405	3	PY	330
PY330	406	3	PY	330
PY330	407	3	PY	330
PY330	408	3	PY	330
PY330	409	3	PY	330
PY330	410	3	PY	330
PY330	411	3	PY	330
PY330	412	3	PY	330
PY330	413	3	PY	330
PY330	414	3	PY	330
PY330	415	3	PY	330
PY330	416	3	PY	330
PY330	417	3	PY	330
PY330	418	3	PY	330
PY330	419	3	PY	330
PY330	420	3	PY	330
PY330	421	3	PY	330
PY330	422	3	PY	330
PY330	423	3	PY	330
PY330	424	3	PY	330
PY330	425	3	PY	330
PY330	426	3	PY	330
PY330	427	3	PY	330
PY330	428	3	PY	330
PY330	429	3	PY	330
PY330	430	3	PY	330
PY330	431	3	PY	330
PY330	432	3	PY	330
PY330	433	3	PY	330
PY330	434	3	PY	330
PY330	435	3	PY	330
PY330	436	3	PY	330
PY330	437	3	PY	330
PY330	438	3	PY	330
PY330	439	3	PY	330
PY330	440	3	PY	330
PY330	441	3	PY	330
PY330	442	3	PY	330
PY330	443	3	PY	330
PY330	444	3	PY	330
PY330	445	3	PY	330
PY330	446	3	PY	330
PY330	447	3	PY	330
PY330	448	3	PY	330
PY330	449	3	PY	330
PY330	450	3	PY	330
PY330	451	3	PY	330
PY330	452	3	PY	330
PY330	453	4	PY	330
PY330	454	4	PY	330
PY330	455	4	PY	330
PY330	456	4	PY	330
PY330	457	4	PY	330
PY330	458	4	PY	330
PY330	459	4	PY	330
PY330	460	4	PY	330
PY330	461	4	PY	330
PY330	462	4	PY	330
PY330	463	4	PY	330
PY330	464	4	PY	330
PY330	465	4	PY	330
PY330	466	4	PY	330
PY330	467	4	PY	330
PY330	468	4	PY	330
PY330	469	4	PY	330
PY330	470	4	PY	330
PY330	471	4	PY	330
PY330	472	4	PY	330
YQ110	473	3	YQ	110
YQ110	474	3	YQ	110
YQ110	475	3	YQ	110
YQ110	476	3	YQ	110
YQ110	477	3	YQ	110
YQ110	478	3	YQ	110
YQ110	479	3	YQ	110
YQ110	480	3	YQ	110
YQ110	481	3	YQ	110
YQ110	482	3	YQ	110
YQ110	483	3	YQ	110
YQ110	484	3	YQ	110
YQ110	485	3	YQ	110
YQ110	486	3	YQ	110
YQ110	487	3	YQ	110
YQ110	488	3	YQ	110
YQ110	489	3	YQ	110
YQ110	490	3	YQ	110
YQ110	491	3	YQ	110
YQ110	492	3	YQ	110
YQ110	493	3	YQ	110
YQ110	494	3	YQ	110
YQ110	495	3	YQ	110
YQ110	496	3	YQ	110
YQ110	497	3	YQ	110
YQ110	498	3	YQ	110
YQ110	499	3	YQ	110
YQ110	500	3	YQ	110
YQ110	501	3	YQ	110
YQ110	502	3	YQ	110
YQ110	503	3	YQ	110
YQ110	504	3	YQ	110
YQ110	505	3	YQ	110
YQ110	506	3	YQ	110
YQ110	507	3	YQ	110
YQ110	508	3	YQ	110
YQ110	509	3	YQ	110
YQ110	510	3	YQ	110
YQ110	511	3	YQ	110
YQ110	512	3	YQ	110
YQ110	513	3	YQ	110
YQ110	514	3	YQ	110
YQ110	515	3	YQ	110
YQ110	516	3	YQ	110
YQ110	517	3	YQ	110
YQ110	518	3	YQ	110
YQ110	519	3	YQ	110
YQ110	520	3	YQ	110
YQ110	521	3	YQ	110
YQ110	522	3	YQ	110
YQ110	523	3	YQ	110
YQ110	524	4	YQ	110
YQ110	525	4	YQ	110
YQ110	526	4	YQ	110
YQ110	527	4	YQ	110
YQ110	528	4	YQ	110
YQ110	529	4	YQ	110
YQ110	530	4	YQ	110
YQ110	531	4	YQ	110
YQ110	532	4	YQ	110
YQ110	533	4	YQ	110
YQ110	534	4	YQ	110
YQ110	535	4	YQ	110
YQ110	536	4	YQ	110
YQ110	537	4	YQ	110
YQ110	538	4	YQ	110
YQ110	539	4	YQ	110
YQ110	540	4	YQ	110
YQ110	541	4	YQ	110
YQ110	542	4	YQ	110
YQ110	543	4	YQ	110
YQ110	544	4	YQ	110
YQ110	545	4	YQ	110
YQ110	546	4	YQ	110
YQ110	547	4	YQ	110
YQ110	548	4	YQ	110
YQ110	549	4	YQ	110
YQ110	550	4	YQ	110
YQ110	551	4	YQ	110
YQ110	552	4	YQ	110
YQ110	553	4	YQ	110
YQ110	554	4	YQ	110
YQ110	555	4	YQ	110
YQ110	556	4	YQ	110
YQ110	557	4	YQ	110
YQ110	558	4	YQ	110
YQ110	559	4	YQ	110
YQ110	560	4	YQ	110
YQ110	561	4	YQ	110
YQ110	562	4	YQ	110
YQ110	563	4	YQ	110
YQ110	564	4	YQ	110
YQ110	565	4	YQ	110
YQ110	566	4	YQ	110
YQ110	567	4	YQ	110
YQ110	568	4	YQ	110
YQ110	569	4	YQ	110
YQ110	570	4	YQ	110
YQ110	571	4	YQ	110
YQ110	572	4	YQ	110
YQ110	573	4	YQ	110
YQ110	574	4	YQ	110
YQ110	575	4	YQ	110
YQ110	576	4	YQ	110
YQ110	577	4	YQ	110
YQ110	578	4	YQ	110
YQ110	579	4	YQ	110
YQ110	580	4	YQ	110
YQ110	581	4	YQ	110
YQ110	582	4	YQ	110
YQ110	583	4	YQ	110
YQ110	584	4	YQ	110
YQ110	585	4	YQ	110
YQ110	586	4	YQ	110
YQ110	587	4	YQ	110
YQ110	588	4	YQ	110
YQ110	589	4	YQ	110
YQ110	590	4	YQ	110
YQ110	591	4	YQ	110
YQ110	592	4	YQ	110
YQ110	593	4	YQ	110
YQ110	594	4	YQ	110
YQ110	595	4	YQ	110
YQ110	596	4	YQ	110
YQ110	597	4	YQ	110
YQ110	598	4	YQ	110
YQ110	599	4	YQ	110
YQ110	600	4	YQ	110
YQ110	601	4	YQ	110
YQ110	602	4	YQ	110
YQ110	603	4	YQ	110
YQ110	604	4	YQ	110
YQ110	605	4	YQ	110
YQ110	606	4	YQ	110
YQ110	607	4	YQ	110
YQ110	608	4	YQ	110
YQ110	609	4	YQ	110
YQ110	610	4	YQ	110
YQ110	611	4	YQ	110
YQ110	612	4	YQ	110
YQ110	613	4	YQ	110
YQ110	614	4	YQ	110
YQ110	615	4	YQ	110
YQ110	616	4	YQ	110
YQ110	617	4	YQ	110
YQ110	618	4	YQ	110
YQ110	619	4	YQ	110
YQ110	620	4	YQ	110
YQ110	621	4	YQ	110
YQ110	622	4	YQ	110
YQ110	623	4	YQ	110
YQ110	624	4	YQ	110
YQ110	625	4	YQ	110
YQ110	626	4	YQ	110
YQ110	627	4	YQ	110
YQ110	628	4	YQ	110
YQ110	629	4	YQ	110
YQ110	630	4	YQ	110
YQ110	631	4	YQ	110
YQ110	632	4	YQ	110
YQ110	633	4	YQ	110
YQ110	634	4	YQ	110
YQ110	635	4	YQ	110
YQ110	636	4	YQ	110
YQ110	637	4	YQ	110
YQ110	638	4	YQ	110
YQ110	639	4	YQ	110
YQ220	640	3	YQ	220
YQ220	641	3	YQ	220
YQ220	642	3	YQ	220
YQ220	643	3	YQ	220
YQ220	644	3	YQ	220
YQ220	645	3	YQ	220
YQ220	646	3	YQ	220
YQ220	647	3	YQ	220
YQ220	648	3	YQ	220
YQ220	649	3	YQ	220
YQ220	650	3	YQ	220
YQ220	651	3	YQ	220
YQ220	652	3	YQ	220
YQ220	653	3	YQ	220
YQ220	654	3	YQ	220
YQ220	655	3	YQ	220
YQ220	656	3	YQ	220
YQ220	657	3	YQ	220
YQ220	658	3	YQ	220
YQ220	659	3	YQ	220
YQ220	660	3	YQ	220
YQ220	661	3	YQ	220
YQ220	662	3	YQ	220
YQ220	663	3	YQ	220
YQ220	664	3	YQ	220
YQ220	665	3	YQ	220
YQ220	666	3	YQ	220
YQ220	667	3	YQ	220
YQ220	668	3	YQ	220
YQ220	669	3	YQ	220
YQ220	670	3	YQ	220
YQ220	671	3	YQ	220
YQ220	672	3	YQ	220
YQ220	673	3	YQ	220
YQ220	674	3	YQ	220
YQ220	675	3	YQ	220
YQ220	676	3	YQ	220
YQ220	677	3	YQ	220
YQ220	678	3	YQ	220
YQ220	679	3	YQ	220
YQ220	680	3	YQ	220
YQ220	681	3	YQ	220
YQ220	682	3	YQ	220
YQ220	683	3	YQ	220
YQ220	684	3	YQ	220
YQ220	685	3	YQ	220
YQ220	686	3	YQ	220
YQ220	687	3	YQ	220
YQ220	688	3	YQ	220
YQ220	689	3	YQ	220
YQ220	690	3	YQ	220
YQ220	691	3	YQ	220
YQ220	692	3	YQ	220
YQ220	693	3	YQ	220
YQ220	694	3	YQ	220
YQ220	695	3	YQ	220
YQ220	696	3	YQ	220
YQ220	697	3	YQ	220
YQ220	698	3	YQ	220
YQ220	699	3	YQ	220
YQ220	700	3	YQ	220
YQ220	701	3	YQ	220
YQ220	702	4	YQ	220
YQ220	703	4	YQ	220
YQ220	704	4	YQ	220
YQ220	705	4	YQ	220
YQ220	706	4	YQ	220
YQ220	707	4	YQ	220
YQ220	708	4	YQ	220
YQ220	709	4	YQ	220
YQ220	710	4	YQ	220
YQ220	711	4	YQ	220
YQ220	712	4	YQ	220
YQ220	713	4	YQ	220
YQ220	714	4	YQ	220
YQ220	715	4	YQ	220
YQ220	716	4	YQ	220
YQ220	717	4	YQ	220
YQ220	718	4	YQ	220
YQ220	719	4	YQ	220
YQ220	720	4	YQ	220
YQ220	721	4	YQ	220
YQ220	722	4	YQ	220
YQ220	723	4	YQ	220
YQ220	724	4	YQ	220
YQ220	725	4	YQ	220
YQ220	726	4	YQ	220
YQ220	727	4	YQ	220
YQ220	728	4	YQ	220
YQ220	729	4	YQ	220
YQ220	730	4	YQ	220
YQ220	731	4	YQ	220
YQ220	732	4	YQ	220
YQ220	733	4	YQ	220
YQ220	734	4	YQ	220
YQ220	735	4	YQ	220
YQ220	736	4	YQ	220
YQ220	737	4	YQ	220
YQ220	738	4	YQ	220
YQ220	739	4	YQ	220
YQ220	740	4	YQ	220
YQ220	741	4	YQ	220
YQ220	742	4	YQ	220
YQ220	743	4	YQ	220
YQ220	744	4	YQ	220
YQ220	745	4	YQ	220
YQ220	746	4	YQ	220
YQ220	747	4	YQ	220
YQ220	748	4	YQ	220
YQ220	749	4	YQ	220
YQ220	750	4	YQ	220
YQ220	751	4	YQ	220
YQ220	752	4	YQ	220
YQ220	753	4	YQ	220
YQ220	754	4	YQ	220
YQ220	755	4	YQ	220
YQ220	756	4	YQ	220
YQ220	757	4	YQ	220
YQ220	758	4	YQ	220
YQ220	759	4	YQ	220
YQ220	760	4	YQ	220
YQ220	761	4	YQ	220
YQ220	762	4	YQ	220
YQ220	763	4	YQ	220
YQ220	764	4	YQ	220
YQ220	765	4	YQ	220
YQ220	766	4	YQ	220
YQ220	767	4	YQ	220
YQ220	768	4	YQ	220
YQ220	769	4	YQ	220
YQ220	770	4	YQ	220
YQ220	771	4	YQ	220
YQ220	772	4	YQ	220
YQ220	773	4	YQ	220
YQ220	774	4	YQ	220
YQ220	775	4	YQ	220
YQ220	776	4	YQ	220
YQ220	777	4	YQ	220
YQ220	778	4	YQ	220
YQ220	779	4	YQ	220
YQ220	780	4	YQ	220
YQ220	781	4	YQ	220
YQ220	782	4	YQ	220
YQ220	783	4	YQ	220
YQ220	784	4	YQ	220
YQ220	785	4	YQ	220
YQ220	786	4	YQ	220
YQ220	787	4	YQ	220
YQ220	788	4	YQ	220
YQ220	789	4	YQ	220
YQ220	790	4	YQ	220
YQ220	791	4	YQ	220
YQ220	792	4	YQ	220
YQ220	793	4	YQ	220
YQ220	794	4	YQ	220
YQ220	795	4	YQ	220
YQ220	796	4	YQ	220
YQ220	797	4	YQ	220
YQ220	798	4	YQ	220
YQ220	799	4	YQ	220
YQ220	800	4	YQ	220
YQ220	801	4	YQ	220
YQ220	802	4	YQ	220
YQ220	803	4	YQ	220
YQ220	804	4	YQ	220
YQ220	805	4	YQ	220
YQ220	806	4	YQ	220
YQ220	807	4	YQ	220
YQ220	808	4	YQ	220
YQ220	809	4	YQ	220
YQ220	810	4	YQ	220
YQ220	811	4	YQ	220
YQ220	812	4	YQ	220
YQ220	813	4	YQ	220
YQ220	814	4	YQ	220
YQ220	815	4	YQ	220
YQ220	816	4	YQ	220
YQ220	817	4	YQ	220
YQ220	818	4	YQ	220
YQ220	819	4	YQ	220
YQ220	820	4	YQ	220
YQ220	821	4	YQ	220
YQ220	822	4	YQ	220
YQ220	823	4	YQ	220
YQ220	824	4	YQ	220
YQ220	825	4	YQ	220
YQ220	826	4	YQ	220
YQ220	827	4	YQ	220
YQ220	828	4	YQ	220
YQ220	829	4	YQ	220
YQ220	830	4	YQ	220
YQ220	831	4	YQ	220
YQ220	832	4	YQ	220
YQ220	833	4	YQ	220
YQ220	834	4	YQ	220
YQ220	835	4	YQ	220
YQ220	836	4	YQ	220
YQ220	837	4	YQ	220
YQ220	838	4	YQ	220
YQ220	839	4	YQ	220
YQ220	840	4	YQ	220
YQ220	841	4	YQ	220
YQ220	842	4	YQ	220
YQ220	843	4	YQ	220
YQ220	844	4	YQ	220
YQ220	845	4	YQ	220
YQ220	846	4	YQ	220
YQ220	847	4	YQ	220
YQ220	848	4	YQ	220
YQ220	849	4	YQ	220
YQ220	850	4	YQ	220
YQ220	851	4	YQ	220
YQ220	852	4	YQ	220
YQ220	853	4	YQ	220
YQ220	854	4	YQ	220
YQ220	855	4	YQ	220
YQ220	856	4	YQ	220
YQ220	857	4	YQ	220
YQ220	858	4	YQ	220
YQ220	859	4	YQ	220
YQ220	860	4	YQ	220
YQ220	861	4	YQ	220
YQ220	862	4	YQ	220
YQ220	863	4	YQ	220
YQ220	864	4	YQ	220
YQ220	865	4	YQ	220
YQ220	866	4	YQ	220
YQ220	867	4	YQ	220
YQ220	868	4	YQ	220
YQ220	869	4	YQ	220
YQ220	870	4	YQ	220
YQ220	871	4	YQ	220
YQ220	872	4	YQ	220
YQ220	873	4	YQ	220
YQ220	874	4	YQ	220
YQ220	875	4	YQ	220
YQ220	876	4	YQ	220
YQ220	877	4	YQ	220
YQ220	878	4	YQ	220
YQ220	879	4	YQ	220
YQ220	880	4	YQ	220
YQ220	881	4	YQ	220
YQ220	882	4	YQ	220
YQ220	883	4	YQ	220
YQ220	884	4	YQ	220
YQ220	885	4	YQ	220
YQ220	886	4	YQ	220
YQ220	887	4	YQ	220
YQ220	888	4	YQ	220
YQ220	889	4	YQ	220
YQ220	890	4	YQ	220
YQ220	891	4	YQ	220
YQ220	892	4	YQ	220
YQ220	893	4	YQ	220
YQ220	894	4	YQ	220
YQ220	895	4	YQ	220
YQ220	896	4	YQ	220
YQ220	897	4	YQ	220
YQ220	898	4	YQ	220
YQ310	899	3	YQ	310
YQ310	900	3	YQ	310
YQ310	901	3	YQ	310
YQ310	902	3	YQ	310
YQ310	903	3	YQ	310
YQ310	904	3	YQ	310
YQ310	905	3	YQ	310
YQ310	906	3	YQ	310
YQ310	907	3	YQ	310
YQ310	908	3	YQ	310
YQ310	909	3	YQ	310
YQ310	910	3	YQ	310
YQ310	911	3	YQ	310
YQ310	912	3	YQ	310
YQ310	913	3	YQ	310
YQ310	914	3	YQ	310
YQ310	915	3	YQ	310
YQ310	916	3	YQ	310
YQ310	917	3	YQ	310
YQ310	918	3	YQ	310
YQ310	919	3	YQ	310
YQ310	920	3	YQ	310
YQ310	921	3	YQ	310
YQ310	922	3	YQ	310
YQ310	923	3	YQ	310
YQ310	924	3	YQ	310
YQ310	925	3	YQ	310
YQ310	926	3	YQ	310
YQ310	927	3	YQ	310
YQ310	928	3	YQ	310
YQ310	929	3	YQ	310
YQ310	930	3	YQ	310
YQ310	931	3	YQ	310
YQ310	932	3	YQ	310
YQ310	933	3	YQ	310
YQ310	934	3	YQ	310
YQ310	935	3	YQ	310
YQ310	936	3	YQ	310
YQ310	937	3	YQ	310
YQ310	938	3	YQ	310
YQ310	939	3	YQ	310
YQ310	940	3	YQ	310
YQ310	941	3	YQ	310
YQ310	942	3	YQ	310
YQ310	943	3	YQ	310
YQ310	944	3	YQ	310
YQ310	945	3	YQ	310
YQ310	946	3	YQ	310
YQ310	947	3	YQ	310
YQ310	948	3	YQ	310
YQ310	949	3	YQ	310
YQ310	950	3	YQ	310
YQ310	951	3	YQ	310
YQ310	952	3	YQ	310
YQ310	953	3	YQ	310
YQ310	954	3	YQ	310
YQ310	955	3	YQ	310
YQ310	956	3	YQ	310
YQ310	957	3	YQ	310
YQ310	958	3	YQ	310
YQ310	959	3	YQ	310
YQ310	960	3	YQ	310
YQ310	961	3	YQ	310
YQ310	962	3	YQ	310
YQ310	963	3	YQ	310
YQ310	964	3	YQ	310
YQ310	965	3	YQ	310
YQ310	966	3	YQ	310
YQ310	967	3	YQ	310
YQ310	968	3	YQ	310
YQ310	969	3	YQ	310
YQ310	970	3	YQ	310
YQ310	971	3	YQ	310
YQ310	972	3	YQ	310
YQ310	973	3	YQ	310
YQ310	974	3	YQ	310
YQ310	975	3	YQ	310
YQ310	976	3	YQ	310
YQ310	977	3	YQ	310
YQ310	978	3	YQ	310
YQ310	979	3	YQ	310
YQ310	980	3	YQ	310
YQ310	981	3	YQ	310
YQ310	982	3	YQ	310
YQ310	983	3	YQ	310
YQ310	984	3	YQ	310
YQ310	985	3	YQ	310
YQ310	986	3	YQ	310
YQ310	987	3	YQ	310
YQ310	988	3	YQ	310
YQ310	989	3	YQ	310
YQ310	990	3	YQ	310
YQ310	991	3	YQ	310
YQ310	992	4	YQ	310
YQ310	993	4	YQ	310
YQ310	994	4	YQ	310
YQ310	995	4	YQ	310
YQ310	996	4	YQ	310
YQ310	997	4	YQ	310
YQ310	998	4	YQ	310
YQ310	999	4	YQ	310
YQ310	1000	4	YQ	310
YQ310	1001	4	YQ	310
YQ310	1002	4	YQ	310
YQ310	1003	4	YQ	310
YQ310	1004	4	YQ	310
YQ310	1005	4	YQ	310
YQ310	1006	4	YQ	310
YQ310	1007	4	YQ	310
YQ310	1008	4	YQ	310
YQ310	1009	4	YQ	310
YQ310	1010	4	YQ	310
YQ310	1011	4	YQ	310
YQ310	1012	4	YQ	310
YQ310	1013	4	YQ	310
YQ310	1014	4	YQ	310
YQ310	1015	4	YQ	310
YQ310	1016	4	YQ	310
YQ310	1017	4	YQ	310
YQ310	1018	4	YQ	310
YQ310	1019	4	YQ	310
YQ310	1020	4	YQ	310
YQ310	1021	4	YQ	310
YQ310	1022	4	YQ	310
YQ310	1023	4	YQ	310
YQ310	1024	4	YQ	310
YQ310	1025	4	YQ	310
YQ310	1026	4	YQ	310
YQ310	1027	4	YQ	310
YQ310	1028	4	YQ	310
YQ310	1029	4	YQ	310
YQ310	1030	4	YQ	310
YQ310	1031	4	YQ	310
YQ310	1032	4	YQ	310
YQ310	1033	4	YQ	310
YQ310	1034	4	YQ	310
YQ310	1035	4	YQ	310
YQ310	1036	4	YQ	310
YQ310	1037	4	YQ	310
YQ310	1038	4	YQ	310
YQ310	1039	4	YQ	310
YQ310	1040	4	YQ	310
YQ310	1041	4	YQ	310
YQ310	1042	4	YQ	310
YQ310	1043	4	YQ	310
YQ310	1044	4	YQ	310
YQ310	1045	4	YQ	310
YQ310	1046	4	YQ	310
YQ310	1047	4	YQ	310
YQ310	1048	4	YQ	310
YQ310	1049	4	YQ	310
YQ310	1050	4	YQ	310
YQ310	1051	4	YQ	310
YQ310	1052	4	YQ	310
YQ310	1053	4	YQ	310
YQ310	1054	4	YQ	310
YQ310	1055	4	YQ	310
YQ310	1056	4	YQ	310
YQ310	1057	4	YQ	310
YQ310	1058	4	YQ	310
YQ310	1059	4	YQ	310
YQ310	1060	4	YQ	310
YQ310	1061	4	YQ	310
YQ310	1062	4	YQ	310
YQ310	1063	4	YQ	310
YQ310	1064	4	YQ	310
YQ310	1065	4	YQ	310
YQ310	1066	4	YQ	310
YQ310	1067	4	YQ	310
YQ310	1068	4	YQ	310
YQ310	1069	4	YQ	310
YQ310	1070	4	YQ	310
YQ310	1071	4	YQ	310
YQ310	1072	4	YQ	310
YQ310	1073	4	YQ	310
YQ310	1074	4	YQ	310
YQ310	1075	4	YQ	310
YQ330	1076	4	YQ	330
YQ330	1077	4	YQ	330
YQ330	1078	4	YQ	330
YQ330	1079	4	YQ	330
YQ330	1080	4	YQ	330
YQ330	1081	4	YQ	330
YQ330	1082	4	YQ	330
YQ330	1083	4	YQ	330
YQ330	1084	4	YQ	330
YQ330	1085	4	YQ	330
YQ330	1086	4	YQ	330
YQ330	1087	4	YQ	330
YQ330	1088	4	YQ	330
YQ330	1089	4	YQ	330
YQ330	1090	4	YQ	330
YQ330	1091	4	YQ	330
YQ330	1092	4	YQ	330
YQ330	1093	4	YQ	330
YQ330	1094	4	YQ	330
YQ330	1095	4	YQ	330
YQ330	1096	4	YQ	330
YQ330	1097	4	YQ	330
YQ330	1098	4	YQ	330
YQ330	1099	4	YQ	330
YQ330	1100	4	YQ	330
YQ330	1101	4	YQ	330
YQ330	1102	4	YQ	330
YQ330	1103	4	YQ	330
YQ330	1104	4	YQ	330
YQ330	1105	4	YQ	330
YQ330	1106	4	YQ	330
YQ330	1107	4	YQ	330
YQ330	1108	4	YQ	330
YQ330	1109	4	YQ	330
YQ330	1110	4	YQ	330
YQ330	1111	4	YQ	330
YQ330	1112	4	YQ	330
YQ330	1113	4	YQ	330
YQ330	1114	4	YQ	330
YQ330	1115	4	YQ	330
YQ330	1116	4	YQ	330
YQ330	1117	4	YQ	330
YQ330	1118	4	YQ	330
YQ330	1119	4	YQ	330
YQ330	1120	4	YQ	330
YQ330	1121	4	YQ	330
YQ330	1122	4	YQ	330
YQ330	1123	4	YQ	330
YQ330	1124	4	YQ	330
YQ330	1125	4	YQ	330
YQ330	1126	4	YQ	330
YQ330	1127	4	YQ	330
YQ330	1128	4	YQ	330
YQ330	1129	4	YQ	330
YQ330	1130	4	YQ	330
YQ330	1131	4	YQ	330
YQ330	1132	4	YQ	330
YQ330	1133	4	YQ	330
YQ330	1134	4	YQ	330
YQ330	1135	4	YQ	330
YQ330	1136	4	YQ	330
YQ330	1137	4	YQ	330
YQ330	1138	4	YQ	330
YQ330	1139	4	YQ	330
YQ330	1140	4	YQ	330
YQ330	1141	4	YQ	330
YQ330	1142	4	YQ	330
YQ330	1143	4	YQ	330
YQ330	1144	4	YQ	330
YQ330	1145	4	YQ	330
YQ330	1146	4	YQ	330
YQ330	1147	4	YQ	330
YQ330	1148	4	YQ	330
YQ330	1149	4	YQ	330
YQ330	1150	4	YQ	330
YQ330	1151	4	YQ	330
YQ330	1152	4	YQ	330
YQ330	1153	4	YQ	330
YQ330	1154	4	YQ	330
YQ330	1155	4	YQ	330
YQ330	1156	4	YQ	330
YQ330	1157	4	YQ	330
YQ330	1158	4	YQ	330
YQ330	1159	4	YQ	330
YQ330	1160	4	YQ	330
YQ330	1161	4	YQ	330
YQ330	1162	4	YQ	330
YQ330	1163	4	YQ	330
YQ330	1164	4	YQ	330
YQ330	1165	4	YQ	330
YQ330	1166	4	YQ	330
YQ330	1167	4	YQ	330
YQ330	1168	4	YQ	330
YQ330	1169	4	YQ	330
YQ330	1170	4	YQ	330
YQ330	1171	4	YQ	330
YQ330	1172	4	YQ	330
YQ330	1173	4	YQ	330
YQ330	1174	4	YQ	330
YQ330	1175	4	YQ	330
YQ330	1176	4	YQ	330
YQ330	1177	4	YQ	330
YQ330	1178	4	YQ	330
YQ330	1179	4	YQ	330
YQ330	1180	4	YQ	330
YQ330	1181	4	YQ	330
YQ330	1182	4	YQ	330
YQ330	1183	4	YQ	330
YQ330	1184	4	YQ	330
YQ330	1185	4	YQ	330
YQ330	1186	4	YQ	330
YQ330	1187	4	YQ	330
YQ330	1188	4	YQ	330
YQ330	1189	4	YQ	330
YQ330	1190	4	YQ	330
YQ330	1191	4	YQ	330
YQ330	1192	4	YQ	330
YQ330	1193	4	YQ	330
YQ330	1194	4	YQ	330
YQ330	1195	4	YQ	330
YQ330	1196	4	YQ	330
YQ330	1197	4	YQ	330
YQ330	1198	4	YQ	330
YQ330	1199	4	YQ	330
YQ330	1200	4	YQ	330
YQ330	1201	4	YQ	330
YQ330	1202	4	YQ	330
YQ330	1203	4	YQ	330
YQ330	1204	4	YQ	330
YQ330	1205	4	YQ	330
YQ330	1206	4	YQ	330
YQ330	1207	4	YQ	330
YQ330	1208	4	YQ	330
YQ330	1209	4	YQ	330
YQ330	1210	4	YQ	330
YQ330	1211	4	YQ	330
YQ330	1212	4	YQ	330
YQ330	1213	4	YQ	330
YQ330	1214	5	YQ	330
